Name,Market Cap,Alpha,Beta,5Y CAGR,D/E,EPS (Q),SCORE,Capability,b,c,d,e,f,g
RELIANCE,"16,45,671.87",-4.86,1,12.69,0.5,13.7,23,M,5,1,4,3,5,5
TCS,"14,14,726.49",-4.4,0.61,12.27,0.09,34.21,23,M,5,1,4,3,5,5
HDFCBANK,"12,98,771.00",-5.15,1.1,6.46,0,23.11,21,M,5,1,3,2,5,5
BHARTIARTL,"10,26,583.48",23.02,0.64,26.47,2.04,25.54,26,S,5,5,4,5,2,5
ICICIBANK,"8,82,070.18",7.85,1.27,18.21,0,18.26,26,S,4,5,3,4,5,5
INFY,"7,63,490.30",-3.65,0.81,18.4,0.09,16.43,23,M,4,1,4,4,5,5
SBIN,"6,49,399.98",2.64,1.3,17.32,0,21.12,24,M,4,3,3,4,5,5
HINDUNILVR,"5,45,457.61",-4.55,0.31,0.33,0.03,12.7,21,M,4,1,5,1,5,5
BAJFINANCE,"5,20,752.38",-2.76,1.89,11.89,3.82,68.63,17,R,4,2,2,3,1,5
ITC,"5,12,636.29",18.37,0.61,15.37,0,3.74,26,S,4,5,4,4,5,4
LICI,"4,96,385.82",-7.56,-,-,0,17.4,21,M,4,1,1,5,5,5
HCLTECH,"4,61,585.97",7.68,0.9,22.7,0.08,16.94,28,S,4,5,4,5,5,5
LT,"4,48,808.99",9.96,1.1,20.36,1.13,24.43,25,M,4,5,3,5,3,5
SUNPHARMA,"4,19,007.86",19.52,0.73,33.04,0.05,12.1,28,S,4,5,4,5,5,5
MARUTI,"3,98,388.93",7.54,0.87,12.59,0,118.54,25,M,3,5,4,3,5,5
KOTAKBANK,"3,92,230.15",-3.23,0.94,3.15,0,23.64,19,R,3,1,4,1,5,5
M&M,"3,57,115.60",33.16,1.24,41.04,1.34,28.51,24,M,3,5,3,5,3,5
ULTRACEMCO,"3,32,719.95",7.58,0.91,21.01,0.19,50.99,27,S,3,5,4,5,5,5
WIPRO,"3,22,731.27",-4.16,0.59,20.42,0.22,3.21,22,M,3,1,4,5,5,4
AXISBANK,"3,12,140.06",-0.3,1.51,6.16,0,21.79,19,R,3,2,2,2,5,5
NTPC,"2,97,396.75",22.1,0.89,21.64,1.44,5.22,25,M,3,5,4,5,3,5
ONGC,"2,95,573.66",8.71,0.98,17.4,0.42,6.85,26,S,3,5,4,4,5,5
BAJAJFINSV,"2,94,922.06",-4.2,1.94,13.73,2.78,14,16,HR,3,1,2,3,2,5
TITAN,"2,86,648.68",0.54,1.09,20.01,1.65,11.8,22,M,3,3,3,5,3,5
ADANIENT,"2,59,078.95",11.64,1.41,54.93,1.48,0.04,21,M,3,5,3,5,3,2
TATAMOTORS,"2,51,738.12",2.63,1.65,32.18,1.15,14.81,21,M,3,3,2,5,3,5
HAL,"2,44,791.71",50.6,1.14,57.23,0,21.53,26,S,3,5,3,5,5,5
BAJAJ-AUTO,"2,42,712.56",24.4,1.09,22.61,0.07,78.7,26,S,3,5,3,5,5,5
POWERGRID,"2,41,025.15",15.65,0.66,19.31,1.42,4.15,23,M,3,5,4,4,3,4
DMART,"2,40,543.48",-9.22,0.76,7.76,0.03,11.12,20,R,3,1,4,2,5,5
ADANIPORTS,"2,40,110.24",8.61,1.17,24.67,0.9,11.67,25,M,3,5,3,5,4,5
JSWSTEEL,"2,36,625.70",7.1,1.26,27.02,1.1,2.94,22,M,3,5,3,5,3,3
COALINDIA,"2,22,875.07",22.02,0.8,15.26,0.08,13.8,26,S,3,5,4,4,5,5
ASIANPAINT,"2,14,407.58",-19.13,0.76,3.6,0.13,11.58,19,R,3,1,4,1,5,5
NESTLEIND,"2,09,950.04",1.62,0.41,5.82,0.1,7.14,23,M,3,3,5,2,5,5
ZOMATO,"1,97,498.42",30,1.08,-,0.04,0.07,23,M,3,5,3,5,5,2
ADANIPOWER,"1,92,133.41",47.42,1.14,52.65,0.79,7.67,25,M,3,5,3,5,4,5
BEL,"1,91,187.27",39.97,0.62,55.9,0,1.79,25,M,3,5,4,5,5,3
TRENT,"1,86,872.65",49.38,1.24,48.24,0.43,13.99,26,S,3,5,3,5,5,5
SIEMENS,"1,81,808.42",19.75,0.78,29.16,0.02,17.26,27,S,3,5,4,5,5,5
HINDZINC,"1,73,998.64",9.18,0.54,16.64,0.57,6.34,25,M,3,5,4,4,4,5
VBL,"1,73,619.58",44.86,1.28,47.55,0.77,0.56,22,M,3,5,3,5,4,2
TATASTEEL,"1,70,088.12",-2.96,1.43,25.31,0.94,0.26,19,R,3,2,3,5,4,2
IOC,"1,69,567.83",7.07,0.95,9.44,0.7,1.54,21,M,3,5,4,2,4,3
GRASIM,"1,68,942.59",3.55,0.94,27.15,0.99,13.47,25,M,3,4,4,5,4,5
INDIGO,"1,68,667.72",17.23,0.91,24.75,25.69,63.38,23,M,3,5,4,5,1,5
DLF,"1,68,482.09",10.74,1.31,24.09,0.12,4.28,25,M,3,5,3,5,5,4
LTIM,"1,65,930.11",-8.79,1.14,22.62,0.1,36.65,22,M,3,1,3,5,5,5
VEDL,"1,65,829.89",-0.81,1.63,24.4,2.08,9.09,19,R,3,2,2,5,2,5
IRFC,"1,65,408.08",61.66,0.9,-,8.38,1.25,21,M,3,5,4,5,1,3
TECHM,"1,63,984.33",0.97,0.92,15.14,0.09,11.1,24,M,3,3,4,4,5,5
DIVISLAB,"1,59,559.89",10.3,0.59,22.76,0,22.2,27,S,3,5,4,5,5,5
SBILIFE,"1,47,357.19",2.76,1.01,9.65,0,5.5,21,M,3,3,3,2,5,5
JIOFIN,"1,44,889.75",-,-,-,0,0.46,21,M,3,5,1,5,5,2
ADANIGREEN,"1,44,740.97",-13.93,1.3,35.51,3.72,2.92,16,HR,3,1,3,5,1,3
PIDILITIND,"1,43,341.97",-1.89,0.69,12.3,0.04,10.86,22,M,3,2,4,3,5,5
HDFCLIFE,"1,35,506.48",-0.91,0.83,1.75,0.06,1.96,18,R,3,2,4,1,5,3
BAJAJHLDNG,"1,35,139.81",23.48,1.31,25.47,0,157.1,26,S,3,5,3,5,5,5
HINDALCO,"1,34,744.50",-1.84,1.8,25.28,0.53,17.59,21,M,3,2,2,5,4,5
EICHERMOT,"1,32,151.44",13.14,0.76,20.02,0.02,42.7,27,S,3,5,4,5,5,5
PFC,"1,26,888.91",39.99,1.11,30.69,6.42,17.66,22,M,3,5,3,5,1,5
AMBUJACEM,"1,23,771.95",9.51,0.75,19.23,0.01,8.59,26,S,3,5,4,4,5,5
CIPLA,"1,18,892.90",13.51,0.41,27.13,0.02,19.45,28,S,3,5,5,5,5,5
BRITANNIA,"1,17,753.28",7.8,0.63,9.29,0.52,24.15,23,M,3,5,4,2,4,5
TVSMOTOR,"1,17,516.18",35.79,0.63,40.96,3.46,11.91,23,M,3,5,4,5,1,5
LODHA,"1,17,008.78",15.23,0.79,-,0.44,9.48,27,S,3,5,4,5,5,5
CHOLAFIN,"1,16,944.74",17.21,1.71,32.78,6.86,12.95,21,M,3,5,2,5,1,5
ABB,"1,15,336.43",29.98,0.97,33.81,0.01,20.79,27,S,3,5,4,5,5,5
TATAPOWER,"1,11,149.89",5.86,1.24,44.46,1.4,3.22,23,M,3,5,3,5,3,4
BPCL,"1,10,957.28",5.33,1.14,1.75,0.72,8.91,21,M,3,5,3,1,4,5
BANKBARODA,"1,09,012.31",14.01,1.2,19.08,0,10.08,25,M,3,5,3,4,5,5
PNB,"1,08,769.22",22.6,1.24,11.3,0,4.18,23,M,3,5,3,3,5,4
RECLTD,"1,07,870.02",45.28,1.07,31.16,6.42,15.48,22,M,3,5,3,5,1,5
GODREJCP,"1,07,702.28",5.02,0.48,10.59,0.26,4.87,25,M,3,5,5,3,5,4
GAIL,"1,06,733.27",14.51,1.35,13.33,0.28,6.21,24,M,3,5,3,3,5,5
INDHOTEL,"1,04,871.37",35.4,1.19,41.44,0.27,4.09,25,M,3,5,3,5,5,4
TORNTPHARM,"1,04,046.59",26.26,0.56,24.2,0.59,14.88,26,S,3,5,4,5,4,5
MANKIND,"1,03,192.08",-,-,-,0.02,9.45,24,M,3,5,1,5,5,5
SHRIRAMFIN,"1,03,162.32",17.92,1.55,17.4,3.94,17.27,20,R,3,5,2,4,1,5
DRREDDY,"1,01,940.68",9.3,0.25,12.97,0.07,16.97,26,S,3,5,5,3,5,5
SHREECEM,"1,01,837.91",-1.89,0.82,2.77,0.08,53.61,20,R,3,2,4,1,5,5
UNITDSPR,"1,01,600.00",12.05,0.94,14.48,0.04,4.72,24,M,3,5,4,3,5,4
TATACONSUM,"1,01,205.01",5.34,0.96,21.41,0.2,2.82,25,M,3,5,4,5,5,3
NAUKRI,"98,862.22",8.57,1.25,21.68,0.01,18.75,26,S,3,5,3,5,5,5
MAXHEALTH,"97,374.61",32.27,0.73,-,0.15,2.46,25,M,3,5,4,5,5,3
HAVELLS,"95,455.01",2.21,0.93,19.78,0.04,4.43,23,M,3,3,4,4,5,4
ZYDUSLIFE,"94,872.77",27.72,0.4,28.53,0.04,10.17,28,S,3,5,5,5,5,5
LUPIN,"93,818.26",30.28,0.67,23.92,0.2,18.75,27,S,3,5,4,5,5,5
MUTHOOTFIN,"93,051.30",13.88,1.28,25.64,2.65,35.36,23,M,3,5,3,5,2,5
DABUR,"92,133.80",-7.44,0.51,0.28,0.13,2.95,17,R,3,1,4,1,5,3
INDUSTOWER,"91,973.64",7.65,0.77,7.33,0.76,15.18,23,M,3,5,4,2,4,5
APOLLOHOSP,"91,622.46",7.95,1.07,30.32,0.73,25.89,25,M,3,5,3,5,4,5
MOTHERSON,"91,338.15",-0.33,1.78,9.29,0.71,1.29,16,HR,3,2,2,2,4,3
IOB,"91,090.72",28.35,0.99,38.23,0,0.46,24,M,3,5,4,5,5,2
ADANIENSOL,"89,375.43",-19.86,1.94,17.04,2.71,4.85,16,HR,3,1,2,4,2,4
MAZDOCK,"89,207.49",95.6,1.54,-,0,20.01,25,M,3,5,2,5,5,5
CGPOWER,"88,597.98",34.5,2.06,129.76,0.01,1.57,22,M,3,5,1,5,5,3
DIXON,"88,369.58",36.99,1.08,73.39,0.28,36.12,26,S,3,5,3,5,5,5
ICICIGI,"88,027.40",7.45,0.9,5.69,0,14.63,24,M,3,5,4,2,5,5
PERSISTENT,"87,301.14",29.5,0.91,74.44,0.09,24.28,27,S,3,5,4,5,5,5
UNIONBANK,"86,275.01",26.6,1.05,18.46,0,6.06,25,M,3,5,3,4,5,5
ICICIPRULI,"85,394.27",-0.79,1.02,4.28,0.11,2.25,17,R,3,2,3,1,5,3
JINDALSTEL,"85,040.06",18.9,1.52,34.09,0.37,9.39,25,M,3,5,2,5,5,5
SRF,"84,227.63",0.63,1.18,27.91,0.44,9.15,24,M,3,3,3,5,5,5
POLYCAB,"83,497.62",25.21,0.89,38.69,0.02,30.42,27,S,3,5,4,5,5,5
MARICO,"82,127.76",4.47,0.32,15.9,0.13,3.08,25,M,3,4,5,4,5,4
SBICARD,"81,802.17",-5.95,0.71,-,3.3,4.03,18,R,3,1,4,5,1,4
JSWENERGY,"81,612.64",9.54,1.04,49.04,1.5,0.96,21,M,3,5,3,5,3,2
INDUSINDBK,"81,586.19",-5.99,2.34,-3.18,0,18.01,16,HR,3,1,1,1,5,5
BOSCHLTD,"80,666.29",11.37,0.78,13.25,0,155.53,25,M,3,5,4,3,5,5
CANBK,"80,474.82",10.1,1.43,19.37,0,4.65,24,M,3,5,3,4,5,4
HDFCAMC,"80,287.30",10.45,1.17,2.33,0,30.02,22,M,3,5,3,1,5,5
IDBI,"79,804.33",12.49,1.57,15.76,0,1.81,21,M,2,5,2,4,5,3
SOLARINDS,"79,696.40",44.69,0.54,49.34,0.33,34.8,26,S,2,5,4,5,5,5
HEROMOTOCO,"79,135.29",6.01,1,10.43,0.03,55.38,24,M,2,5,4,3,5,5
RVNL,"79,084.81",86.85,1.49,74.94,0.69,1.38,22,M,2,5,3,5,4,3
OFSS,"78,172.90",29.4,0.78,25.4,0.01,62.37,26,S,2,5,4,5,5,5
CUMMINSIND,"77,652.04",29.92,1.3,38.53,0.02,20.15,25,M,2,5,3,5,5,5
GMRAIRPORT,"76,668.72",12.46,1.05,25.05,-,0.25,18,R,2,5,3,5,1,2
NHPC,"75,639.11",28.9,0.51,26.01,0.74,0.23,22,M,2,5,4,5,4,2
POLICYBZR,"74,820.68",26.57,-,-,0.04,1.57,21,M,2,5,1,5,5,3
SUZLON,"72,812.17",59.66,1.62,90.98,0.04,0.28,21,M,2,5,2,5,5,2
BSE,"71,146.37",65.8,1.18,97.9,0,16,25,M,2,5,3,5,5,5
BHEL,"70,275.00",38.75,1.5,40.36,0.36,0.39,22,M,2,5,3,5,5,2
INDIANB,"70,028.66",34.68,1.59,42.61,0,21.6,24,M,2,5,2,5,5,5
AUROPHARMA,"68,531.69",17.46,0.97,17.48,0.22,14.56,25,M,2,5,4,4,5,5
BHARTIHEXA,"68,282.50",-,-,-,1.75,5.22,21,M,2,5,1,5,3,5
HINDPETRO,"68,122.24",12.49,0.91,15.36,1.42,11.95,23,M,2,5,4,4,3,5
GICRE,"67,833.88",36.12,1.14,11.09,0,9.56,23,M,2,5,3,3,5,5
COLPAL,"67,325.96",16.03,0.63,12.97,0.04,11.87,24,M,2,5,4,3,5,5
OIL,"67,162.64",37.32,1.01,35.8,0.46,8.23,25,M,2,5,3,5,5,5
PATANJALI,"65,910.21",21.34,-0.63,116.65,0.1,10.24,27,S,2,5,5,5,5,5
ATGL,"65,680.66",-20.96,2.2,28.94,0.43,1.29,17,R,2,1,1,5,5,3
ASHOKLEY,"63,743.20",12.04,1.13,21.63,3.45,2.59,19,R,2,5,3,5,1,3
TORNTPOWER,"63,275.17",29.82,0.82,30.99,0.92,9.76,25,M,2,5,4,5,4,5
LLOYDSME,"62,321.91",-,-,172.81,0.01,7.55,23,M,2,5,1,5,5,5
IDEA,"61,683.58",-7.65,1.02,13.94,-,-0.95,11,HR,2,1,3,3,1,1
GODREJPROP,"61,010.74",-0.87,1.74,12.39,1.04,5.7,17,R,2,2,2,3,3,5
ABBOTINDIA,"60,261.00",17.77,0.21,13.9,0.02,169.78,25,M,2,5,5,3,5,5
IRCTC,"59,708.00",-10.63,1.47,18.75,0.02,4.26,19,R,2,1,3,4,5,4
OBEROIRLTY,"59,218.08",14.58,1.22,25.78,0.18,17.01,25,M,2,5,3,5,5,5
PHOENIXLTD,"57,207.34",33.51,1.06,29.22,0.37,7.41,25,M,2,5,3,5,5,5
YESBANK,"56,968.16",6.81,0.98,-13.35,0,0.2,19,R,2,5,4,1,5,2
BERGEPAINT,"56,571.96",-14.07,0.71,0.02,0.14,2.53,16,HR,2,1,4,1,5,3
ALKEM,"56,429.30",10.2,0.72,12.53,0.13,52.34,24,M,2,5,4,3,5,5
NMDC,"55,546.70",15.69,0.76,11.5,0.13,2.14,22,M,2,5,4,3,5,3
COROMANDEL,"54,541.90",23.88,0.46,24.29,0.05,17.39,27,S,2,5,5,5,5,5
UNOMINDA,"54,364.70",19.25,1.22,37.99,0.32,4.05,24,M,2,5,3,5,5,4
KALYANKJIL,"54,299.92",73.36,0.87,-,1.07,2.12,22,M,2,5,4,5,3,3
UBL,"53,680.86",3.9,0.74,9.51,0.02,5,22,M,2,4,4,2,5,5
PRESTIGE,"53,320.10",30.65,1.32,27.78,1.14,0.41,20,R,2,5,3,5,3,2
LTTS,"53,189.75",-3.71,1.19,24.46,0.12,30.47,21,M,2,1,3,5,5,5
COFORGE,"52,665.57",16.05,0.98,34.04,0.19,32.26,26,S,2,5,4,5,5,5
TIINDIA,"52,496.04",15.63,1.63,40.18,0.13,10.01,24,M,2,5,2,5,5,5
FACT,"52,150.77",73.96,0.59,84.89,1.32,0.17,21,M,2,5,4,5,3,2
BHARATFORG,"51,451.90",7.99,1.44,17.42,1.11,4.54,21,M,2,5,3,4,3,4
BALKRISIND,"50,868.52",3.49,1.02,18.02,0.35,23.25,23,M,2,4,3,4,5,5
JSL,"50,126.58",34.75,1.38,71.48,0.42,7.95,25,M,2,5,3,5,5,5
JSWINFRA,"49,862.45",-,-,-,0.58,1.59,20,R,2,5,1,5,4,3
POWERINDIA,"49,820.51",48.93,0.51,-,0.16,32.41,26,S,2,5,4,5,5,5
UPL,"49,739.02",-10.09,1.29,2.55,0.91,9.98,16,HR,2,1,3,1,4,5
SUNDARMFIN,"49,566.71",20.62,0.98,22.31,4.72,41.33,22,M,2,5,4,5,1,5
MPHASIS,"49,347.37",-11.9,0.95,23.88,0.18,22.58,22,M,2,1,4,5,5,5
SUPREMEIND,"49,257.84",21.51,1.17,22.75,0.01,14.72,25,M,2,5,3,5,5,5
PIIND,"48,949.32",0.07,1.23,15.87,0.02,24.55,22,M,2,3,3,4,5,5
NYKAA,"48,721.25",-11.66,-,-,0.76,0.09,15,HR,2,1,1,5,4,2
LINDEINDIA,"48,553.59",23.65,1.07,50.41,0.01,13.64,25,M,2,5,3,5,5,5
PAYTM,"48,169.40",9.9,-,-,0.01,-3.27,19,R,2,5,1,5,5,1
UCOBANK,"48,062.95",40.35,1.15,22.45,0,0.54,22,M,2,5,3,5,5,2
IREDA,"47,589.56",-,-,-,5.8,1.58,17,R,2,5,1,5,1,3
SCHAEFFLER,"47,221.68",13.61,0.63,26.83,0.01,15.1,26,S,2,5,4,5,5,5
MRF,"46,553.75",12.39,0.66,8.94,0.17,743.8,23,M,2,5,4,2,5,5
PAGEIND,"46,490.74",-2.74,0.76,12.13,0.12,183.48,21,M,2,2,4,3,5,5
FORTIS,"46,188.34",24.24,0.87,31.15,0.13,3.28,25,M,2,5,4,5,5,4
BANKINDIA,"46,027.47",14.78,1.56,9.89,0,5.79,21,M,2,5,2,2,5,5
PGHH,"45,184.05",-7.35,0.39,3.66,0,82.74,19,R,2,1,5,1,5,5
SAIL,"45,159.03",-3.41,1.9,19.27,0.64,0.34,15,HR,2,1,2,4,4,2
IDFCFIRSTB,"45,018.16",3.04,1.32,8.5,0,0.46,18,R,2,4,3,2,5,2
FEDERALBNK,"44,638.55",13.38,1.45,15.3,0,3.85,23,M,2,5,3,4,5,4
PETRONET,"44,557.50",11.06,0.72,2.36,0.17,6.01,22,M,2,5,4,1,5,5
JUBLFOOD,"43,539.52",-0.62,0.8,12.53,1.88,0.65,16,HR,2,2,4,3,3,2
TATACOMM,"43,411.20",-0.66,1.97,30.66,6.29,8.28,17,R,2,2,2,5,1,5
BIOCON,"43,041.39",-7.5,0.73,3.19,0.64,0.21,14,HR,2,1,4,1,4,2
BDL,"42,766.85",53.68,1.21,53.41,0,4.01,24,M,2,5,3,5,5,4
CONCOR,"42,318.54",-0.22,1.24,4.18,0.08,6.03,18,R,2,2,3,1,5,5
CENTRALBK,"42,258.81",25.99,1.14,22.78,0,1.11,23,M,2,5,3,5,5,3
ABCAPITAL,"41,512.23",2.46,1.67,11.53,3.85,2.72,14,HR,2,3,2,3,1,3
FLUOROCHEM,"41,439.26",8.66,1.13,46.14,0.35,11.47,25,M,2,5,3,5,5,5
VOLTAS,"41,312.61",-6.61,0.89,12.74,0.13,3.99,19,R,2,1,4,3,5,4
AUBANK,"41,168.49",-7.95,1.66,-0.74,0,7.1,16,HR,2,1,2,1,5,5
BLUESTARCO,"41,016.04",41.46,1.12,37.86,0.09,6.44,25,M,2,5,3,5,5,5
GLENMARK,"39,822.39",32.13,1.1,33.92,0.16,12.55,25,M,2,5,3,5,5,5
GVT&D,"39,738.42",94.55,1.63,59.86,0.03,5.57,24,M,2,5,2,5,5,5
MOTILALOFS,"38,731.38",34.94,0.59,27.28,1.57,9.43,24,M,2,5,4,5,3,5
HUDCO,"38,548.59",56.79,1.63,40.76,4.45,3.67,19,R,2,5,2,5,1,4
TATAELXSI,"38,206.94",-9.62,0.98,41.3,0.09,31.95,22,M,2,1,4,5,5,5
APLAPOLLO,"38,137.43",12.7,0.99,46.72,0.32,7.82,26,S,2,5,4,5,5,5
IPCALAB,"37,824.76",14.92,0.42,16.02,0.19,9.78,26,S,2,5,5,4,5,5
MAHABANK,"37,796.30",26.22,0.89,32.46,0,1.84,24,M,2,5,4,5,5,3
360ONE,"37,423.26",23.58,1.09,18.79,2.75,7.26,21,M,2,5,3,4,2,5
CRISIL,"37,272.18",15.88,0.35,26.16,0.02,30.72,27,S,2,5,5,5,5,5
MFSL,"37,267.22",6.43,0.93,17.04,0.12,1.62,23,M,2,5,4,4,5,3
JKCEMENT,"37,057.47",7.48,1.14,27.64,1.04,24.54,23,M,2,5,3,5,3,5
ASTRAL,"36,821.76",-4.92,0.98,15.19,0.04,4.25,20,R,2,1,4,4,5,4
KPITTECH,"36,404.43",23.79,1.71,72.03,0.15,6.89,24,M,2,5,2,5,5,5
SJVN,"36,378.11",34.8,0.63,29.47,1.44,1.1,22,M,2,5,4,5,3,3
ACC,"35,945.30",-10.69,0.91,5.86,0.02,58.14,19,R,2,1,4,2,5,5
THERMAX,"35,791.08",18.98,0.57,26.04,0.29,10.29,26,S,2,5,4,5,5,5
NATIONALUM,"35,164.15",11.95,1.02,35.84,0.01,8.53,25,M,2,5,3,5,5,5
LTF,"35,010.48",12.66,1.95,3.55,3.26,2.51,14,HR,2,5,2,1,1,3
NAM-INDIA,"34,931.55",14.14,0.91,6.8,0,4.66,22,M,2,5,4,2,5,4
M&MFIN,"34,896.31",11.74,1.97,3.63,4.92,7.43,16,HR,2,5,2,1,1,5
COCHINSHIP,"34,193.92",72.49,0.9,48.77,0.1,6.73,26,S,2,5,4,5,5,5
GLAXO,"33,860.88",9.71,0.39,8.26,0.01,14.67,24,M,2,5,5,2,5,5
DALBHARAT,"33,731.72",-7.36,1.27,15.52,0.29,3.25,19,R,2,1,3,4,5,4
ESCORTS,"33,243.63",12.63,0.61,27.74,0.01,29.16,26,S,2,5,4,5,5,5
AIAENG,"32,858.57",20.61,0.67,13.88,0.07,27.78,24,M,2,5,4,3,5,5
KEI,"32,526.10",35.78,1.51,44.78,0.05,17.87,24,M,2,5,2,5,5,5
LAURUSLABS,"32,409.07",-1.85,1.47,46.77,0.63,1.71,19,R,2,2,3,5,4,3
SONACOMS,"32,108.62",-11.41,0.97,-,0.15,2.43,20,R,2,1,4,5,5,3
AWL,"31,738.15",-11.06,-,-,0.32,3.16,18,R,2,1,1,5,5,4
METROBRAND,"31,227.30",21.86,-,-,0.58,3.48,21,M,2,5,1,5,4,4
EXIDEIND,"31,190.75",22.56,0.94,15.18,0.09,1.84,23,M,2,5,4,4,5,3
HONAUT,"31,190.24",-7.18,0.9,-0.82,0.02,149.35,18,R,2,1,4,1,5,5
AJANTPHARM,"31,173.06",23.59,0.31,20.82,0.01,18.6,27,S,2,5,5,5,5,5
3MINDIA,"30,637.05",7.52,0.57,3.7,0.01,139.5,22,M,2,5,4,1,5,5
DEEPAKNTR,"30,528.17",-3.32,1.33,39.24,0.06,14.24,21,M,2,1,3,5,5,5
LICHSGFIN,"30,322.22",4.01,1.22,5.37,8.02,26.09,17,R,2,4,3,2,1,5
MEDANTA,"30,306.06",43.08,-,-,0.09,5.32,23,M,2,5,1,5,5,5
TATATECH,"29,934.28",-,-,-,0.08,4.16,22,M,2,5,1,5,5,4
KPRMILL,"29,917.27",10.2,1.19,47.47,0.27,5.92,25,M,2,5,3,5,5,5
IRB,"29,874.93",12.45,1.54,36.17,1.36,9.98,22,M,2,5,2,5,3,5
ABFRL,"29,395.52",-9.08,0.92,-0.98,2,-1.81,12,HR,2,1,4,1,3,1
MCX,"28,561.06",42.13,0.4,34.8,0,31.38,27,S,2,5,5,5,5,5
SUVENPHAR,"28,512.55",22.33,1.7,-,0.03,3.26,23,M,2,5,2,5,5,4
RADICO,"28,435.78",22.1,0.85,37.34,0.34,7.14,26,S,2,5,4,5,5,5
CHOLAHLDNG,"28,394.77",24.83,1.56,22.67,6.06,25.89,20,R,2,5,2,5,1,5
SYNGENE,"28,187.38",3.34,1.02,17.67,0.13,3.27,22,M,2,4,3,4,5,4
NLCINDIA,"27,853.37",32.68,1.21,30.36,1.16,5.02,23,M,2,5,3,5,3,5
GODREJIND,"27,778.68",11.11,0.77,13.64,1.92,5.59,22,M,2,5,4,3,3,5
GUJGASLTD,"27,731.80",-19.58,0.95,6.26,0.02,3.21,18,R,2,1,4,2,5,4
GODIGIT,"27,409.11",-,-,-,0.13,1.29,21,M,2,5,1,5,5,3
ITI,"27,322.82",37.1,0.94,27.97,1.01,-0.51,20,R,2,5,4,5,3,1
APARINDS,"27,099.15",81.55,0.62,76.88,0.12,43.55,26,S,2,5,4,5,5,5
ISEC,"27,033.18",-0.77,1.3,11.68,4.34,15.53,16,HR,2,2,3,3,1,5
TATAINVEST,"27,007.52",47.62,0.83,41.07,0,3.88,25,M,2,5,4,5,5,4
NH,"26,991.97",22.79,0.8,30.73,0.56,9.78,25,M,2,5,4,5,4,5
ENDURANCE,"26,922.87",7.9,1.12,12.2,0.15,13.11,23,M,2,5,3,3,5,5
IGL,"26,741.43",-3.22,0.8,-5.08,0.01,2.33,16,HR,2,1,4,1,5,3
NIACL,"26,723.97",6.94,0.73,2.69,0,2.12,20,R,2,5,4,1,5,3
APOLLOTYRE,"26,718.70",15.08,1.44,21.14,0.35,5.31,25,M,2,5,3,5,5,5
KAYNES,"26,488.62",78.35,-,-,0.13,10.39,23,M,2,5,1,5,5,5
PPLPHARMA,"26,482.37",8.93,-,-,0.6,0.03,19,R,2,5,1,5,4,2
JBCHEPHARM,"26,199.44",23.56,0.24,41.96,0.13,10.46,27,S,2,5,5,5,5,5
GILLETTE,"25,923.82",13.3,0.24,4.59,0,38.66,23,M,2,5,5,1,5,5
GODFRYPHLP,"25,909.14",52.21,0.52,29.52,0.08,47.92,26,S,2,5,4,5,5,5
AEGISLOG,"25,859.93",43.1,1.17,26.41,0.6,3.54,23,M,2,5,3,5,4,4
CDSL,"25,644.30",10.37,0.83,53.83,0,6.23,26,S,2,5,4,5,5,5
BRIGADE,"25,077.72",16.84,1.36,34.91,1.54,9.98,23,M,2,5,3,5,3,5
FSL,"24,938.65",29.59,1.52,53.57,0.41,2.33,22,M,2,5,2,5,5,3
GLAND,"24,319.83",-22,0.71,-,0.04,12.42,22,M,2,1,4,5,5,5
JYOTICNC,"24,225.11",-,-,-,0.22,3.53,22,M,2,5,1,5,5,4
SUMICHEM,"24,143.68",6.22,0.79,12.86,0.01,1.74,22,M,2,5,4,3,5,3
KIMS,"23,672.22",26.31,0.46,-,0.65,2.22,24,M,2,5,5,5,4,3
SUNTV,"23,562.32",1.3,1.06,3.68,0,9.22,19,R,2,3,3,1,5,5
EMAMILTD,"23,555.72",1.33,1.05,13.55,0.04,6.39,21,M,2,3,3,3,5,5
STARHEALTH,"23,339.68",-20.98,-,-,0.07,3.66,18,R,2,1,1,5,5,4
ABREL,"23,207.90",24.62,1.19,28.69,0.61,-3.64,20,R,2,5,3,5,4,1
NBCC,"23,152.50",33.15,1.62,32.2,0,0.51,21,M,2,5,2,5,5,2
POONAWALLA,"23,087.40",0.91,2.33,40.3,1.86,0.24,16,HR,2,3,1,5,3,2
INOXWIND,"22,972.85",58.13,1.87,79.95,1.48,0.89,19,R,2,5,2,5,3,2
MSUMI,"22,715.65",-1.52,-,-,0.15,0.32,17,R,2,2,1,5,5,2
BANDHANBNK,"22,600.32",-31.63,1.73,-20.87,0,2.65,14,HR,2,1,2,1,5,3
POLYMED,"22,518.63",38.27,0.46,49.28,0.12,8.48,27,S,2,5,5,5,5,5
TATACHEM,"22,119.21",-5.01,1.39,2.68,0.24,-2.08,13,HR,2,1,3,1,5,1
CONCORDBIO,"22,091.80",-,-,-,0.01,9.15,23,M,2,5,1,5,5,5
CROMPTON,"22,032.31",-5.65,0.67,4.24,0.2,1.71,16,HR,2,1,4,1,5,3
LALPATHLAB,"21,866.86",-4.28,0.78,9.96,0.13,11.6,19,R,2,1,4,2,5,5
AFFLE,"21,846.94",2.06,1.68,31.35,0.07,7.15,22,M,2,3,2,5,5,5
HINDCOPPER,"21,844.11",16.15,2.08,40.44,0.1,0.65,20,R,2,5,1,5,5,2
MANYAVAR,"21,705.11",-3.37,-,-,0.28,2.75,17,R,2,1,1,5,5,3
HSCL,"21,680.01",65.79,1.65,49.53,0.2,2.88,22,M,2,5,2,5,5,3
PEL,"21,658.76",-15.56,1.38,-8.84,2.02,1.71,12,HR,2,1,3,1,2,3
ASTERDM,"21,454.29",36.7,1.27,19.78,0.28,1.14,22,M,2,5,3,4,5,3
CHAMBLFERT,"21,444.91",5.8,1.42,27.31,0.24,13.34,25,M,2,5,3,5,5,5
FIVESTAR,"21,250.42",22.46,-,-,1.22,9.36,21,M,2,5,1,5,3,5
DELHIVERY,"20,977.25",-27.22,-,-,0.13,0.34,16,HR,2,1,1,5,5,2
EIHOTEL,"20,962.21",24.61,1.31,19.15,0.05,4.23,23,M,2,5,3,4,5,4
PNBHOUSING,"20,948.22",23.25,1.4,18.75,3.67,18.6,20,R,2,5,3,4,1,5
ANGELONE,"20,876.44",14.72,1.04,17.39,0.84,31.25,23,M,2,5,3,4,4,5
WELCORP,"20,803.99",51.58,1.39,30.62,0.34,25.73,25,M,2,5,3,5,5,5
AMBER,"20,780.15",24.5,0.18,30.78,0.73,10.61,26,S,2,5,5,5,4,5
PTCIL,"20,759.31",-,-,150.99,0.28,11.85,23,M,2,5,1,5,5,5
KEC,"20,663.78",17.82,1.02,17.67,0.97,4.87,22,M,2,5,3,4,4,4
SUNDRMFAST,"20,629.35",-0.11,1.22,15.51,0.19,6.21,21,M,2,2,3,4,5,5
ZFCVINDIA,"20,587.04",15.01,0.27,9.63,0,66.15,24,M,2,5,5,2,5,5
SHYAMMETL,"20,569.29",23.2,1.27,-,0.06,7.1,25,M,2,5,3,5,5,5
CASTROLIND,"20,457.03",16.87,1.22,5.7,0.04,2.74,20,R,2,5,3,2,5,3
ANANTRAJ,"20,431.39",69.07,1.17,78.31,0.17,3.23,24,M,2,5,3,5,5,4
NAVINFLUOR,"20,373.85",-1.75,0.84,29.02,0.57,16.86,22,M,2,2,4,5,4,5
RAMCOCEM,"20,363.68",-5.39,0.84,1.74,0.68,7.62,17,R,2,1,4,1,4,5
MRPL,"20,246.02",40.81,1.2,22.2,0.96,1.76,22,M,2,5,3,5,4,3
EMCURE,"20,164.07",-,-,-,0.75,8.12,22,M,2,5,1,5,4,5
TIMKEN,"20,006.68",8.07,0.9,21.19,0.01,9.88,26,S,2,5,4,5,5,5
NUVAMA,"19,747.32",-,-,-,2.33,70.41,20,R,2,5,1,5,2,5
BAYERCROP,"19,635.42",-4.49,0.71,0.08,0.02,7.61,18,R,2,1,4,1,5,5
ZENSARTECH,"19,631.82",24.82,1.35,41.63,0.05,7.04,25,M,2,5,3,5,5,5
CARBORUNIV,"19,568.10",3.61,1.12,24.66,0.05,6.09,24,M,2,4,3,5,5,5
DEVYANI,"19,373.84",-7.6,1.18,-,2.15,0,14,HR,2,1,3,5,2,1
REDINGTON,"19,118.29",11.23,1,32.49,0.38,5.12,26,S,2,5,4,5,5,5
PFIZER,"19,072.46",-3.29,0.49,-1.9,0.01,27.89,19,R,2,1,5,1,5,5
ABSLAMC,"18,995.88",6.57,1.02,-,0.02,7.78,25,M,2,5,3,5,5,5
KANSAINER,"18,974.20",-16.61,0.94,-6.84,0.05,8.42,18,R,2,1,4,1,5,5
ASTRAZEN,"18,487.63",32.06,0.43,21.55,0.01,12.34,27,S,2,5,5,5,5,5
BASF,"18,384.06",17.4,0.57,37.06,0.05,23.9,26,S,2,5,4,5,5,5
GRINDWELL,"18,282.64",-2.4,0.98,21.47,0.04,7.84,23,M,2,2,4,5,5,5
SKFINDIA,"18,174.63",-3.5,0.7,12.56,0,22.1,20,R,2,1,4,3,5,5
KARURVYSYA,"18,127.05",43.06,1.92,35.39,0,6.16,24,M,2,5,2,5,5,5
TRITURBINE,"18,001.37",36.83,1.39,43.5,0,2.92,23,M,2,5,3,5,5,3
ARE&M,"17,994.14",9.85,1.15,5.18,0.02,16.3,22,M,2,5,3,2,5,5
RATNAMANI,"17,797.76",17.52,0.92,23.96,0.05,19,26,S,2,5,4,5,5,5
NATCOPHARM,"17,464.11",2.94,0.71,7.67,0.06,7.43,21,M,2,3,4,2,5,5
ERIS,"17,222.40",18.82,0.71,19.23,0.86,6.15,24,M,2,5,4,4,4,5
KFINTECH,"17,198.14",49.84,-,-,0.04,5.25,23,M,2,5,1,5,5,5
CENTURYPLY,"17,186.19",0.25,1.19,36.99,0.35,2.63,21,M,2,3,3,5,5,3
SIGNATURE,"17,178.13",-,-,-,3.07,2.07,17,R,2,5,1,5,1,3
BATAINDIA,"17,141.72",-20.05,1.01,-5.96,0.89,4.57,15,HR,2,1,3,1,4,4
TBOTEK,"17,056.09",-,-,-,0.39,4.7,22,M,2,5,1,5,5,4
VINATIORGA,"17,054.55",-9.74,0.59,10.54,0,9.04,20,R,2,1,4,3,5,5
AADHARHFC,"16,936.17",-,-,-,3.14,5.56,19,R,2,5,1,5,1,5
CAMS,"16,848.28",9.54,0.7,-,0.11,25.45,26,S,2,5,4,5,5,5
KPIL,"16,774.13",27.17,1.29,20.13,0.78,8.67,24,M,2,5,3,5,4,5
CESC,"16,691.58",9.82,1.5,11.61,1.21,1.99,19,R,2,5,3,3,3,3
CREDITACC,"16,688.93",11.71,1.69,4.28,3.32,-6.24,12,HR,2,5,2,1,1,1
ELGIEQUIP,"16,651.18",11.42,1.18,35.15,0.4,2.55,23,M,2,5,3,5,5,3
GSPL,"16,590.64",1.02,0.93,4.33,0.01,4.15,19,R,2,3,4,1,5,4
ATUL,"16,460.00",-21.36,0.96,2.43,0.05,36.93,18,R,2,1,4,1,5,5
MANAPPURAM,"16,425.91",9.79,1.61,3.41,2.96,3.29,16,HR,2,5,2,1,2,4
BLS,"16,260.25",67.06,1.6,86.42,0.02,2.93,22,M,2,5,2,5,5,3
APLLTD,"16,231.20",5.37,0.75,5.26,0.11,7.01,23,M,2,5,4,2,5,5
CIEINDIA,"16,193.08",22.69,1.3,20.25,0.14,5.14,25,M,2,5,3,5,5,5
GRSE,"16,156.41",64.3,0.75,52.16,0.04,8.57,26,S,2,5,4,5,5,5
CYIENT,"15,955.59",14.28,1.49,26,0.17,11.11,24,M,1,5,3,5,5,5
SCHNEIDER,"15,888.46",55.73,1.08,46.21,0.8,4.62,22,M,1,5,3,5,4,4
IRCON,"15,738.59",46.54,0.93,25.95,0.44,0.92,22,M,1,5,4,5,5,2
AARTIIND,"15,677.17",-27.98,1.36,-2.29,0.61,1.27,13,HR,1,1,3,1,4,3
JINDALSAW,"15,629.53",55.4,1.17,43.09,0.61,7.96,23,M,1,5,3,5,4,5
ASAHIINDIA,"15,591.79",3.15,0.98,19.56,0.84,4.34,21,M,1,4,4,4,4,4
DOMS,"15,380.27",-,-,-,0.2,8.94,22,M,1,5,1,5,5,5
APTUS,"15,364.29",-9.98,0.99,-,1.38,3.82,18,R,1,1,4,5,3,4
CAPLIPOINT,"15,332.70",28.47,0.66,43,0,18.28,25,M,1,5,4,5,5,5
FINCABLES,"15,271.76",18.97,1.26,21.12,0,9.63,24,M,1,5,3,5,5,5
JUBLPHARMA,"15,212.42",22.69,1.91,12.63,0.68,6.37,20,R,1,5,2,3,4,5
SWANENERGY,"15,125.86",39.75,0.46,29.28,0.43,2.28,24,M,1,5,5,5,5,3
IEX,"15,081.50",-12.86,1.16,21.88,0.01,1.21,18,R,1,1,3,5,5,3
ANANDRATHI,"15,038.57",63.91,-,-,0.08,18.58,22,M,1,5,1,5,5,5
BIKAJI,"14,956.58",24.56,-,-,0.14,1.14,20,R,1,5,1,5,5,3
VGUARD,"14,941.55",11.59,0.62,11.08,0.22,1.38,21,M,1,5,4,3,5,3
JBMA,"14,906.23",30.78,0.84,68.05,1.78,2.23,21,M,1,5,4,5,3,3
KAJARIACER,"14,808.34",-14.8,1.09,11.28,0.09,4.88,17,R,1,1,3,3,5,4
CHALET,"14,739.19",29.87,0.94,13.96,1.37,4.42,20,R,1,5,4,3,3,4
ACE,"14,585.89",54.1,1.81,73,0,9.38,23,M,1,5,2,5,5,5
PCBL,"14,541.75",42.06,1.51,43.64,1.53,2.47,19,R,1,5,2,5,3,3
ECLERX,"14,479.57",20.77,1.18,49.18,0.12,29.16,24,M,1,5,3,5,5,5
TEJASNET,"14,456.60",19.36,1.55,63.25,0.6,9.44,22,M,1,5,2,5,4,5
INDGN,"14,396.91",-,-,-,0.34,4.59,21,M,1,5,1,5,5,4
BLUEDART,"14,383.52",-6.57,0.71,15.55,0.78,34.14,19,R,1,1,4,4,4,5
TRIDENT,"14,373.85",-27.12,0.82,37.74,0.49,0.15,18,R,1,1,4,5,5,2
GODREJAGRO,"14,172.55",9.02,0.77,5.77,0.48,5.8,22,M,1,5,4,2,5,5
IIFL,"14,072.72",0.1,1.47,10.19,3.91,0.96,13,HR,1,3,3,3,1,2
BSOFT,"14,035.18",-0.55,1.3,40.94,0.03,4.2,20,R,1,2,3,5,5,4
CLEAN,"14,028.74",-19.74,0.97,-,0,6.18,21,M,1,1,4,5,5,5
KIRLOSBROS,"13,956.52",60.68,1.34,66.02,0.11,14.76,24,M,1,5,3,5,5,5
EIDPARRY,"13,857.03",18.19,0.82,28.52,0.16,10.97,25,M,1,5,4,5,5,5
NEWGEN,"13,846.92",44.1,1.27,56.76,0.04,6.36,24,M,1,5,3,5,5,5
JWL,"13,834.39",73.53,0.96,87.01,0.21,2.29,23,M,1,5,4,5,5,3
CGCL,"13,691.16",7.84,0.41,26.12,2.71,1.55,21,M,1,5,5,5,2,3
HBLENGINE,"13,654.62",66.79,1.35,99.34,0.06,2.31,22,M,1,5,3,5,5,3
CELLO,"13,629.71",-,-,-,0.27,3.99,21,M,1,5,1,5,5,4
BBTC,"13,591.57",18.93,1.25,10.86,0.32,48.58,22,M,1,5,3,3,5,5
DEEPAKFERT,"13,483.46",19.96,1.01,60.77,0.76,19.86,23,M,1,5,3,5,4,5
AAVAS,"13,438.41",-22.61,1.08,-1.92,3.29,18,12,HR,1,1,3,1,1,5
TTML,"13,420.58",-23.36,0.98,81.35,-,-1.61,13,HR,1,1,4,5,1,1
JYOTHYLAB,"13,335.39",31.71,0.96,21.72,0.03,2.38,23,M,1,5,4,5,5,3
RAINBOW,"13,320.53",35.94,-,-,0.61,6.76,21,M,1,5,1,5,4,5
INDIAMART,"13,190.72",-8.17,0.82,12.59,0.02,20.18,19,R,1,1,4,3,5,5
HFCL,"13,157.11",2.36,1.81,40.11,0.25,0.51,18,R,1,3,2,5,5,2
GRANULES,"13,149.22",15.84,0.59,26.13,0.41,4.85,24,M,1,5,4,5,5,4
GESHIP,"13,019.65",33.6,1.08,26.19,0.25,41.58,24,M,1,5,3,5,5,5
WHIRLPOOL,"12,974.55",-15.91,0.76,-14.75,0.06,3.46,16,HR,1,1,4,1,5,4
RRKABEL,"12,870.02",-,-,-,0.2,6.07,22,M,1,5,1,5,5,5
MGL,"12,821.85",11.64,1.07,1.73,0.03,22.39,20,R,1,5,3,1,5,5
UTIAMC,"12,680.39",2.97,1.19,-,0,11.81,22,M,1,3,3,5,5,5
VTL,"12,664.41",-8.94,1.08,17.08,0.19,7.4,19,R,1,1,3,4,5,5
IFCI,"12,500.81",45.1,1.16,47.72,0.7,-0.12,19,R,1,5,3,5,4,1
MINDACORP,"12,462.83",30.7,1.36,35.23,0.27,2.75,22,M,1,5,3,5,5,3
NCC,"12,418.81",33.75,1.82,32.79,0.14,3.08,22,M,1,5,2,5,5,4
FINPIPE,"12,406.47",0.76,0.77,12.94,0.07,1.52,19,R,1,3,4,3,5,3
SANOFI,"12,379.42",6.52,0.67,3.05,0.02,35.69,21,M,1,5,4,1,5,5
SOBHA,"12,331.15",8.52,1.86,25.77,0.77,2.15,20,R,1,5,2,5,4,3
CUB,"12,296.66",1.79,1.18,-5.7,0,3.86,17,R,1,3,3,1,5,4
BEML,"12,240.36",23.42,1.5,25.55,0.03,5.86,24,M,1,5,3,5,5,5
FINEORG,"12,231.18",-2.36,0.33,12.17,0,26.97,21,M,1,2,5,3,5,5
RKFORGE,"12,004.14",40.18,1.51,58.66,0.45,5.51,23,M,1,5,2,5,5,5
SONATSOFTW,"11,947.05",8.58,1.64,27.77,0.54,3.78,21,M,1,5,2,5,4,4
NUVOCO,"11,745.08",-9.13,1.12,-,0.49,-1.72,16,HR,1,1,3,5,5,1
GPIL,"11,588.65",34.6,1.47,75.82,0.01,2.36,22,M,1,5,3,5,5,3
WELSPUNLIV,"11,581.53",-1.9,1.19,20.81,0.57,1.27,18,R,1,2,3,5,4,3
WESTLIFE,"11,570.77",12.22,0.89,9.67,2.32,0.45,16,HR,1,5,4,2,2,2
TITAGARH,"11,449.29",80.22,1.79,75.58,0.07,5.99,23,M,1,5,2,5,5,5
TECHNOE,"11,261.87",45.44,0.58,26.78,0,8.25,25,M,1,5,4,5,5,5
NSLNISP,"11,142.16",-,-,-,0.43,-2.59,18,R,1,5,1,5,5,1
ELECON,"10,869.93",61.46,1.61,94.84,0.04,4.79,22,M,1,5,2,5,5,4
J&KBANK,"10,692.48",26.62,1.67,38.43,0,4.8,22,M,1,5,2,5,5,4
CEATLTD,"10,666.08",29.04,0.8,20.91,0.44,24.01,25,M,1,5,4,5,5,5
LEMONTREE,"10,628.97",27.37,1.24,19.69,1.51,0.79,18,R,1,5,3,4,3,2
KSB,"10,616.39",34.82,1.14,33.85,0,3.55,23,M,1,5,3,5,5,4
HAPPSTMNDS,"10,436.04",-20.35,1.08,-,0.35,3.33,19,R,1,1,3,5,5,4
JUBLINGREA,"10,429.34",4.28,1.15,-,0.27,4.39,22,M,1,4,3,5,5,4
PVRINOX,"10,413.61",-17.53,1,-12.22,1.13,3.66,14,HR,1,1,4,1,3,4
KIRLOSENG,"10,390.68",52.71,1.39,38.91,1.56,4.91,21,M,1,5,3,5,3,4
RAILTEL,"10,372.73",39.52,1.07,-,0.02,2.03,22,M,1,5,3,5,5,3
GRINFRA,"10,356.05",-16.42,1.5,-,0.5,27.06,20,R,1,1,3,5,5,5
PRAJIND,"10,328.46",12.97,1.5,39.54,0.13,2.23,22,M,1,5,3,5,5,3
RITES,"10,275.31",15.31,0.55,6.11,0,2.08,20,R,1,5,4,2,5,3
SAMMAANCAP,"10,243.40",-18.51,2.48,-15.53,2.45,4.17,10,HR,1,1,1,1,2,4
INTELLECT,"10,182.12",-1.61,2.14,36.96,0.02,5.11,19,R,1,2,1,5,5,5
OLECTRA,"10,087.72",15.34,1.96,50.41,0.13,5.64,23,M,1,5,2,5,5,5
RBLBANK,"10,002.30",-3.21,1.76,-12.77,0,0.78,12,HR,1,1,2,1,5,2
SAREGAMA,"9,973.22",5.86,1.89,68.31,0,3.24,22,M,1,5,2,5,5,4
VIJAYA,"9,787.91",30.36,0.32,-,0.39,3.42,25,M,1,5,5,5,5,4
JMFINANCIL,"9,770.79",9.77,1.08,-2.34,1.47,2.19,16,HR,1,5,3,1,3,3
JPPOWER,"9,622.26",20.8,1.72,51.66,0.37,0.14,20,R,1,5,2,5,5,2
ZEEL,"9,599.43",-35.75,1.35,-15.87,0.02,1.7,14,HR,1,1,3,1,5,3
CRAFTSMAN,"9,573.48",16.24,1.54,-,1,-0.87,18,R,1,5,2,5,4,1
AVANTIFEED,"9,529.70",7.37,1.08,2.74,0.01,9.92,20,R,1,5,3,1,5,5
SAPPHIRE,"9,514.28",-3.39,-,-,0.87,0.37,14,HR,1,1,1,5,4,2
RAYMOND,"9,430.67",33.99,1.36,31.38,0.83,10.84,23,M,1,5,3,5,4,5
DATAPATTNS,"9,423.78",29.11,-,-,0,7.97,22,M,1,5,1,5,5,5
ENGINERSIN,"9,274.26",28.09,1.05,13.12,0.01,1.94,20,R,1,5,3,3,5,3
MMTC,"9,249.00",4.52,1.6,24.22,0.1,0.32,19,R,1,4,2,5,5,2
USHAMART,"9,203.21",39.2,1.13,64.66,0.15,3.04,23,M,1,5,3,5,5,4
SBFC,"9,198.10",-,-,-,1.44,0.82,17,R,1,5,1,5,3,2
QUESS,"9,083.31",-6.63,1.47,0.7,0.28,5.42,16,HR,1,1,3,1,5,5
MAPMYINDIA,"9,019.04",7.03,-,-,0.04,5.96,22,M,1,5,1,5,5,5
JKLAKSHMI,"8,897.62",11.32,0.93,16.76,0.62,5.05,23,M,1,5,4,4,4,5
CAMPUS,"8,880.98",-10.58,-,-,0.27,1.52,16,HR,1,1,1,5,5,3
RHIM,"8,844.46",-9.99,1.24,11.56,0.13,2.3,16,HR,1,1,3,3,5,3
GMDCLTD,"8,840.40",22.91,1.32,36.21,0,4.64,23,M,1,5,3,5,5,4
BALRAMCHIN,"8,825.15",0.55,0.79,20.67,0.59,3.49,21,M,1,3,4,5,4,4
ALKYLAMINE,"8,809.97",-23.29,1.2,22.72,0,8.56,20,R,1,1,3,5,5,5
METROPOLIS,"8,758.30",-9.78,0.81,-1.24,0.18,6.12,17,R,1,1,4,1,5,5
INDIACEM,"8,731.35",4.84,0.5,30.8,0.47,162.41,25,M,1,4,5,5,5,5
HOMEFIRST,"8,709.56",8.96,0.56,-,3.44,10.9,21,M,1,5,4,5,1,5
GRAPHITE,"8,588.71",-9.96,1.97,8.46,0.03,-1.03,12,HR,1,1,2,2,5,1
LATENTVIEW,"8,588.18",-11.83,-,-,0.02,2.03,16,HR,1,1,1,5,5,3
NETWEB,"8,505.73",-,-,-,0.02,5.38,22,M,1,5,1,5,5,5
INOXINDIA,"8,471.41",-,-,-,0.02,6.43,22,M,1,5,1,5,5,5
AKUMS,"8,425.97",-,-,-,0.78,4.26,20,R,1,5,1,5,4,4
ALOKINDS,"8,421.05",-13.17,2.09,-,-,-0.55,10,HR,1,1,1,5,1,1
GNFC,"8,400.60",-5.35,1.27,25.13,0,7.14,20,R,1,1,3,5,5,5
SYRMA,"8,308.15",13.47,-,-,0.38,2.74,20,R,1,5,1,5,5,3
MAHSEAMLES,"8,273.11",26.5,1.13,28.56,0,13.89,24,M,1,5,3,5,5,5
CANFINHOME,"8,141.04",-8.41,1.6,3.84,7.34,15.93,11,HR,1,1,2,1,1,5
MASTEK,"8,046.05",-7.16,1.78,44.4,0.25,30.68,19,R,1,1,2,5,5,5
JKTYRE,"8,042.49",27.53,1.2,32.92,1,1.88,21,M,1,5,3,5,4,3
CERA,"7,986.33",11.35,0.46,19.97,0.03,35.52,25,M,1,5,5,4,5,5
TRIVENI,"7,975.55",7.34,1.03,34.49,0.49,1.94,22,M,1,5,3,5,5,3
CCL,"7,958.26",3.25,0.68,19.27,0.97,4.73,21,M,1,4,4,4,4,4
GSFC,"7,908.98",9.79,1.44,21.81,0,3.36,23,M,1,5,3,5,5,4
BIRLACORPN,"7,908.45",-8.39,1.12,6.75,0.58,4.06,15,HR,1,1,3,2,4,4
RCF,"7,797.01",16.79,1.55,26.58,0.72,1.45,20,R,1,5,2,5,4,3
VARROC,"7,760.79",5.68,1.88,3.26,0.91,-3.1,14,HR,1,5,2,1,4,1
SCI,"7,599.98",18.21,1.12,29.25,0.39,1.62,22,M,1,5,3,5,5,3
NETWORK18,"7,591.27",-17.57,1.13,10.34,0.29,-9.38,14,HR,1,1,3,3,5,1
DBREALTY,"7,497.59",16.17,0.82,72.18,0.42,0.08,22,M,1,5,4,5,5,2
HONASA,"7,496.61",-,-,-,0.12,0.8,19,R,1,5,1,5,5,2
CHENNPETRO,"7,471.63",58.43,1.13,34.3,0.25,1.4,22,M,1,5,3,5,5,3
KNRCON,"7,326.16",-9.29,0.98,13.09,0.36,15.7,19,R,1,1,4,3,5,5
EQUITASBNK,"7,252.17",5.47,0.8,-,0,0.58,22,M,1,5,4,5,5,2
TANLA,"7,152.22",-41.66,1.99,44.53,0.04,8.82,19,R,1,1,2,5,5,5
PNCINFRA,"7,079.20",-4.39,1.52,6.39,1.55,3.17,13,HR,1,1,2,2,3,4
JUSTDIAL,"6,962.25",-1.53,1.39,9.69,0.02,13.61,18,R,1,2,3,2,5,5
ROUTE,"6,919.92",-14.32,1.07,-,0.17,13.1,20,R,1,1,3,5,5,5
RENUKA,"6,785.63",-3.33,1.25,32.52,-,-0.96,12,HR,1,1,3,5,1,1
CHEMPLASTS,"6,722.82",-9.19,1.15,-,0.91,-3.06,15,HR,1,1,3,5,4,1
RTNINDIA,"6,713.88",-5.81,1.08,75.15,1.4,-1.23,14,HR,1,1,3,5,3,1
HEG,"6,615.27",4.1,2.06,10.45,0.14,4.32,18,R,1,4,1,3,5,4
UJJIVANSFB,"6,568.59",17.72,1.21,-9.1,0,0.56,17,R,1,5,3,1,5,2
GPPL,"6,514.84",6.91,0.67,10.73,0.03,2.06,21,M,1,5,4,3,5,3
SWSOLAR,"6,424.60",-8.52,2.39,0,0.54,0.64,10,HR,1,1,1,1,4,2
TVSSCS,"6,167.46",-,-,-,1.19,-0.56,16,HR,1,5,1,5,3,1
ACI,"5,575.85",-7.38,-,-,0.06,3.89,17,R,1,1,1,5,5,4
MAHLIFE,"5,561.45",-1.09,1.22,22.13,0.47,-1.45,17,R,1,2,3,5,5,1
GAEL,"5,200.41",5.17,0.73,24.31,0.07,1.56,23,M,1,5,4,5,5,3
VIPIND,"4,977.79",-21.61,1.17,-5.63,1.29,-0.88,10,HR,1,1,3,1,3,1
BALAMINES,"4,912.64",-29.34,2.03,30.37,0.01,10.24,18,R,1,1,1,5,5,5
RAJESHEXPO,"4,872.38",-50.67,0.5,-25.41,0.04,1.54,16,HR,1,1,5,1,5,3
SPARC,"4,687.39",-27.34,1.53,-2.99,0.49,-2.45,11,HR,1,1,2,1,5,1
EASEMYTRIP,"4,337.96",-13.88,1.5,-,0.03,0.08,17,R,1,1,3,5,5,2
